<?xml version="1.0" encoding="UTF-8"?>
<project-private xmlns="http://www.netbeans.org/ns/project-private/1">
    <editor-bookmarks xmlns="http://www.netbeans.org/ns/editor-bookmarks/2" lastBookmarkId="0"/>
    <open-files xmlns="http://www.netbeans.org/ns/projectui-open-files/2">
        <group>
            <file>file:/C:/Users/wtfmi/OneDrive/Desktop/Western%20Softeng/Second%20Year%20Eng/SE2205B/SE2205B-Lab4/HashTable/src/hashtable/HashedDictionaryOpenAddressingPerfectInstrumented.java</file>
            <file>file:/C:/Users/wtfmi/OneDrive/Desktop/Western%20Softeng/Second%20Year%20Eng/SE2205B/SE2205B-Lab4/HashTable/src/hashtable/HashedDictionaryOpenAddressingDoubleInstrumented.java</file>
            <file>file:/C:/Users/wtfmi/OneDrive/Desktop/Western%20Softeng/Second%20Year%20Eng/SE2205B/SE2205B-Lab4/HashTable/src/hashtable/HashTableController.java</file>
            <file>file:/C:/Users/wtfmi/OneDrive/Desktop/Western%20Softeng/Second%20Year%20Eng/SE2205B/SE2205B-Lab4/HashTable/nbproject/build-impl.xml</file>
            <file>file:/C:/Users/wtfmi/OneDrive/Desktop/Western%20Softeng/Second%20Year%20Eng/SE2205B/SE2205B-Lab4/HashTable/src/hashtable/HashedDictionaryOpenAddressingLinearInstrumented.java</file>
        </group>
    </open-files>
</project-private>
